STATION,NAME,DATE,AWND,PRCP,TAVG,TMAX,TMIN,FOG,HEAVY FOG,THUNDER,ICE PELLETS,HAIL,SMOKE OR HAZE
USW00013874,"ATLANTA HARTSFIELD JACKSON INTERNATIONAL AIRPORT, GA US",2021-01-01,9.40,1.23,60,68,56,1,1,,,,
USW00013874,"ATLANTA HARTSFIELD JACKSON INTERNATIONAL AIRPORT, GA US",2021-01-02,5.14,0.00,60,64,54,,,,,,
USW00013874,"ATLANTA HARTSFIELD JACKSON INTERNATIONAL AIRPORT, GA US",2021-01-03,10.96,0.00,49,54,37,,,,,,
USW00013874,"ATLANTA HARTSFIELD JACKSON INTERNATIONAL AIRPORT, GA US",2021-01-04,6.71,0.00,44,59,34,,,,,,
USW00013874,"ATLANTA HARTSFIELD JACKSON INTERNATIONAL AIRPORT, GA US",2021-01-05,10.74,0.00,50,58,41,,,,,,
USW00013874,"ATLANTA HARTSFIELD JACKSON INTERNATIONAL AIRPORT, GA US",2021-01-06,4.03,0.00,43,56,32,,,,,,
USW00013874,"ATLANTA HARTSFIELD JACKSON INTERNATIONAL AIRPORT, GA US",2021-01-07,11.41,0.17,42,46,36,1,,,,,
USW00013874,"ATLANTA HARTSFIELD JACKSON INTERNATIONAL AIRPORT, GA US",2021-01-08,11.41,0.15,40,42,37,1,,,,,
USW00013874,"ATLANTA HARTSFIELD JACKSON INTERNATIONAL AIRPORT, GA US",2021-01-09,14.76,0.00,37,38,31,,,,,,
USW00013874,"ATLANTA HARTSFIELD JACKSON INTERNATIONAL AIRPORT, GA US",2021-01-10,5.14,0.00,36,48,28,,,,,,
USW00013874,"ATLANTA HARTSFIELD JACKSON INTERNATIONAL AIRPORT, GA US",2021-01-11,7.16,0.22,42,45,40,1,,,,,
USW00013874,"ATLANTA HARTSFIELD JACKSON INTERNATIONAL AIRPORT, GA US",2021-01-12,9.17,0.00,42,43,34,1,,,,,
USW00013874,"ATLANTA HARTSFIELD JACKSON INTERNATIONAL AIRPORT, GA US",2021-01-13,7.83,0.00,38,50,30,1,,,,,
USW00013874,"ATLANTA HARTSFIELD JACKSON INTERNATIONAL AIRPORT, GA US",2021-01-14,6.93,0.00,42,57,30,,,,,,
USW00013874,"ATLANTA HARTSFIELD JACKSON INTERNATIONAL AIRPORT, GA US",2021-01-15,10.51,0.00,49,56,39,,,,,,
USW00013874,"ATLANTA HARTSFIELD JACKSON INTERNATIONAL AIRPORT, GA US",2021-01-16,10.07,0.00,40,45,32,,,,,,
USW00013874,"ATLANTA HARTSFIELD JACKSON INTERNATIONAL AIRPORT, GA US",2021-01-17,6.49,0.00,40,51,32,,,,,,
USW00013874,"ATLANTA HARTSFIELD JACKSON INTERNATIONAL AIRPORT, GA US",2021-01-18,8.50,0.00,44,55,35,,,,,,
USW00013874,"ATLANTA HARTSFIELD JACKSON INTERNATIONAL AIRPORT, GA US",2021-01-19,6.49,0.00,45,60,34,,,,,,
USW00013874,"ATLANTA HARTSFIELD JACKSON INTERNATIONAL AIRPORT, GA US",2021-01-20,10.51,0.00,51,56,44,,,,,,
USW00013874,"ATLANTA HARTSFIELD JACKSON INTERNATIONAL AIRPORT, GA US",2021-01-21,8.28,0.10,48,53,42,1,,,,,
USW00013874,"ATLANTA HARTSFIELD JACKSON INTERNATIONAL AIRPORT, GA US",2021-01-22,6.71,0.07,49,59,42,1,,,,,
USW00013874,"ATLANTA HARTSFIELD JACKSON INTERNATIONAL AIRPORT, GA US",2021-01-23,6.04,0.00,47,63,35,,,,,,
USW00013874,"ATLANTA HARTSFIELD JACKSON INTERNATIONAL AIRPORT, GA US",2021-01-24,7.61,0.00,50,62,39,,,,,,
USW00013874,"ATLANTA HARTSFIELD JACKSON INTERNATIONAL AIRPORT, GA US",2021-01-25,7.38,0.02,55,67,48,1,,,,,
USW00013874,"ATLANTA HARTSFIELD JACKSON INTERNATIONAL AIRPORT, GA US",2021-01-26,7.38,0.40,65,69,57,1,,1,,,
USW00013874,"ATLANTA HARTSFIELD JACKSON INTERNATIONAL AIRPORT, GA US",2021-01-27,10.29,0.92,56,60,43,1,,,,,
USW00013874,"ATLANTA HARTSFIELD JACKSON INTERNATIONAL AIRPORT, GA US",2021-01-28,17.22,0.00,42,47,34,,,,,,
USW00013874,"ATLANTA HARTSFIELD JACKSON INTERNATIONAL AIRPORT, GA US",2021-01-29,6.71,0.00,38,53,29,,,,,,
USW00013874,"ATLANTA HARTSFIELD JACKSON INTERNATIONAL AIRPORT, GA US",2021-01-30,7.38,0.00,41,52,33,,,,,1,
USW00013874,"ATLANTA HARTSFIELD JACKSON INTERNATIONAL AIRPORT, GA US",2021-01-31,8.72,0.34,44,47,41,1,,,,,
USW00013874,"ATLANTA HARTSFIELD JACKSON INTERNATIONAL AIRPORT, GA US",2021-02-01,20.58,0.00,41,47,36,,,,,,
USW00013874,"ATLANTA HARTSFIELD JACKSON INTERNATIONAL AIRPORT, GA US",2021-02-02,18.34,0.00,38,47,33,,,,,,
USW00013874,"ATLANTA HARTSFIELD JACKSON INTERNATIONAL AIRPORT, GA US",2021-02-03,11.86,0.00,38,51,29,,,,,,
USW00013874,"ATLANTA HARTSFIELD JACKSON INTERNATIONAL AIRPORT, GA US",2021-02-04,5.82,0.00,40,54,30,,,,,,
USW00013874,"ATLANTA HARTSFIELD JACKSON INTERNATIONAL AIRPORT, GA US",2021-02-05,9.84,0.14,51,55,41,1,,,,,
USW00013874,"ATLANTA HARTSFIELD JACKSON INTERNATIONAL AIRPORT, GA US",2021-02-06,9.62,0.70,44,53,36,1,,,1,,
USW00013874,"ATLANTA HARTSFIELD JACKSON INTERNATIONAL AIRPORT, GA US",2021-02-07,9.62,0.07,41,51,37,1,,,,,
USW00013874,"ATLANTA HARTSFIELD JACKSON INTERNATIONAL AIRPORT, GA US",2021-02-08,6.93,0.00,44,60,34,,,,,,
USW00013874,"ATLANTA HARTSFIELD JACKSON INTERNATIONAL AIRPORT, GA US",2021-02-09,4.03,0.00,55,66,50,1,,,,,1
USW00013874,"ATLANTA HARTSFIELD JACKSON INTERNATIONAL AIRPORT, GA US",2021-02-10,3.13,0.00,57,69,46,1,,,,,
USW00013874,"ATLANTA HARTSFIELD JACKSON INTERNATIONAL AIRPORT, GA US",2021-02-11,2.46,0.55,58,63,54,1,1,1,,,
USW00013874,"ATLANTA HARTSFIELD JACKSON INTERNATIONAL AIRPORT, GA US",2021-02-12,8.05,0.02,53,60,41,1,1,,,,
USW00013874,"ATLANTA HARTSFIELD JACKSON INTERNATIONAL AIRPORT, GA US",2021-02-13,9.62,0.49,42,46,39,1,,,,,
USW00013874,"ATLANTA HARTSFIELD JACKSON INTERNATIONAL AIRPORT, GA US",2021-02-14,9.17,0.00,45,48,43,1,,,,,
USW00013874,"ATLANTA HARTSFIELD JACKSON INTERNATIONAL AIRPORT, GA US",2021-02-15,10.29,0.81,44,50,43,1,,1,,,
USW00013874,"ATLANTA HARTSFIELD JACKSON INTERNATIONAL AIRPORT, GA US",2021-02-16,11.86,0.00,36,45,24,1,,,,,
USW00013874,"ATLANTA HARTSFIELD JACKSON INTERNATIONAL AIRPORT, GA US",2021-02-17,8.50,0.01,33,53,23,,,,,,
USW00013874,"ATLANTA HARTSFIELD JACKSON INTERNATIONAL AIRPORT, GA US",2021-02-18,9.62,0.74,43,45,39,1,,,,,
USW00013874,"ATLANTA HARTSFIELD JACKSON INTERNATIONAL AIRPORT, GA US",2021-02-19,14.09,0.00,42,49,36,1,,,,,
USW00013874,"ATLANTA HARTSFIELD JACKSON INTERNATIONAL AIRPORT, GA US",2021-02-20,7.61,0.00,40,54,28,,,,,,
USW00013874,"ATLANTA HARTSFIELD JACKSON INTERNATIONAL AIRPORT, GA US",2021-02-21,8.28,0.00,45,61,33,,,,,,
USW00013874,"ATLANTA HARTSFIELD JACKSON INTERNATIONAL AIRPORT, GA US",2021-02-22,10.51,0.04,54,65,45,1,,,,,
USW00013874,"ATLANTA HARTSFIELD JACKSON INTERNATIONAL AIRPORT, GA US",2021-02-23,8.28,0.00,53,71,40,,,,,,
USW00013874,"ATLANTA HARTSFIELD JACKSON INTERNATIONAL AIRPORT, GA US",2021-02-24,6.49,0.00,58,73,42,,,,,,
USW00013874,"ATLANTA HARTSFIELD JACKSON INTERNATIONAL AIRPORT, GA US",2021-02-25,7.61,0.00,62,75,51,,,,,,
USW00013874,"ATLANTA HARTSFIELD JACKSON INTERNATIONAL AIRPORT, GA US",2021-02-26,9.84,0.14,57,61,50,1,,,,,
USW00013874,"ATLANTA HARTSFIELD JACKSON INTERNATIONAL AIRPORT, GA US",2021-02-27,5.82,0.00,53,69,47,1,1,,,,1
USW00013874,"ATLANTA HARTSFIELD JACKSON INTERNATIONAL AIRPORT, GA US",2021-02-28,8.95,0.00,64,79,55,1,,,,,
USW00013874,"ATLANTA HARTSFIELD JACKSON INTERNATIONAL AIRPORT, GA US",2021-03-01,11.18,0.10,64,69,48,1,,,,,1
USW00013874,"ATLANTA HARTSFIELD JACKSON INTERNATIONAL AIRPORT, GA US",2021-03-02,10.96,0.11,47,49,41,,,,,,
USW00013874,"ATLANTA HARTSFIELD JACKSON INTERNATIONAL AIRPORT, GA US",2021-03-03,9.62,0.20,48,65,39,1,,,,,
USW00013874,"ATLANTA HARTSFIELD JACKSON INTERNATIONAL AIRPORT, GA US",2021-03-04,11.41,0.00,55,70,44,,,,,,
USW00013874,"ATLANTA HARTSFIELD JACKSON INTERNATIONAL AIRPORT, GA US",2021-03-05,9.62,0.00,55,67,42,,,,,,
USW00013874,"ATLANTA HARTSFIELD JACKSON INTERNATIONAL AIRPORT, GA US",2021-03-06,8.28,0.00,51,54,40,,,,,,
USW00013874,"ATLANTA HARTSFIELD JACKSON INTERNATIONAL AIRPORT, GA US",2021-03-07,8.72,0.00,47,61,35,,,,,,
USW00013874,"ATLANTA HARTSFIELD JACKSON INTERNATIONAL AIRPORT, GA US",2021-03-08,3.80,0.00,52,70,37,,,,,,
USW00013874,"ATLANTA HARTSFIELD JACKSON INTERNATIONAL AIRPORT, GA US",2021-03-09,4.92,0.00,56,70,40,,,,,,1
USW00013874,"ATLANTA HARTSFIELD JACKSON INTERNATIONAL AIRPORT, GA US",2021-03-10,5.82,0.00,59,74,46,,,,,,
USW00013874,"ATLANTA HARTSFIELD JACKSON INTERNATIONAL AIRPORT, GA US",2021-03-11,4.92,0.00,62,74,53,,,,,,1
USW00013874,"ATLANTA HARTSFIELD JACKSON INTERNATIONAL AIRPORT, GA US",2021-03-12,5.37,0.00,65,79,52,,,,,,
USW00013874,"ATLANTA HARTSFIELD JACKSON INTERNATIONAL AIRPORT, GA US",2021-03-13,5.82,0.00,67,80,57,,,,,,
USW00013874,"ATLANTA HARTSFIELD JACKSON INTERNATIONAL AIRPORT, GA US",2021-03-14,5.59,0.00,68,81,56,,,,,,
USW00013874,"ATLANTA HARTSFIELD JACKSON INTERNATIONAL AIRPORT, GA US",2021-03-15,11.86,0.00,66,70,60,,,,,,
USW00013874,"ATLANTA HARTSFIELD JACKSON INTERNATIONAL AIRPORT, GA US",2021-03-16,10.07,0.22,55,63,47,1,,,,,
USW00013874,"ATLANTA HARTSFIELD JACKSON INTERNATIONAL AIRPORT, GA US",2021-03-17,8.05,0.07,52,59,49,1,1,,,,
USW00013874,"ATLANTA HARTSFIELD JACKSON INTERNATIONAL AIRPORT, GA US",2021-03-18,14.32,0.61,63,74,48,1,,1,,,
USW00013874,"ATLANTA HARTSFIELD JACKSON INTERNATIONAL AIRPORT, GA US",2021-03-19,12.75,0.01,51,60,45,,,,,,
USW00013874,"ATLANTA HARTSFIELD JACKSON INTERNATIONAL AIRPORT, GA US",2021-03-20,14.99,0.00,51,58,41,,,,,,
USW00013874,"ATLANTA HARTSFIELD JACKSON INTERNATIONAL AIRPORT, GA US",2021-03-21,13.20,0.00,54,67,47,,,,,,
USW00013874,"ATLANTA HARTSFIELD JACKSON INTERNATIONAL AIRPORT, GA US",2021-03-22,10.74,0.00,59,71,52,,,,,,
USW00013874,"ATLANTA HARTSFIELD JACKSON INTERNATIONAL AIRPORT, GA US",2021-03-23,8.28,0.00,61,69,56,,,,,,1
USW00013874,"ATLANTA HARTSFIELD JACKSON INTERNATIONAL AIRPORT, GA US",2021-03-24,7.16,0.00,65,75,60,,,,,,
USW00013874,"ATLANTA HARTSFIELD JACKSON INTERNATIONAL AIRPORT, GA US",2021-03-25,12.30,0.65,68,77,62,1,,1,,,1
USW00013874,"ATLANTA HARTSFIELD JACKSON INTERNATIONAL AIRPORT, GA US",2021-03-26,5.59,0.67,71,76,64,1,,1,,,
USW00013874,"ATLANTA HARTSFIELD JACKSON INTERNATIONAL AIRPORT, GA US",2021-03-27,8.05,0.00,71,82,64,1,1,,,,
USW00013874,"ATLANTA HARTSFIELD JACKSON INTERNATIONAL AIRPORT, GA US",2021-03-28,12.75,0.06,69,73,53,,,,,,
USW00013874,"ATLANTA HARTSFIELD JACKSON INTERNATIONAL AIRPORT, GA US",2021-03-29,7.16,0.00,56,69,41,,,,,,
USW00013874,"ATLANTA HARTSFIELD JACKSON INTERNATIONAL AIRPORT, GA US",2021-03-30,8.28,0.08,60,75,49,,,,,,
USW00013874,"ATLANTA HARTSFIELD JACKSON INTERNATIONAL AIRPORT, GA US",2021-03-31,9.62,0.99,65,71,45,1,,1,,,
USW00013874,"ATLANTA HARTSFIELD JACKSON INTERNATIONAL AIRPORT, GA US",2021-04-01,19.69,0.00,47,53,40,,,,,,
USW00013874,"ATLANTA HARTSFIELD JACKSON INTERNATIONAL AIRPORT, GA US",2021-04-02,8.95,0.00,44,57,33,,,,,,
USW00013874,"ATLANTA HARTSFIELD JACKSON INTERNATIONAL AIRPORT, GA US",2021-04-03,2.91,0.00,48,64,35,,,,,,
USW00013874,"ATLANTA HARTSFIELD JACKSON INTERNATIONAL AIRPORT, GA US",2021-04-04,5.59,0.00,57,73,40,,,,,,
USW00013874,"ATLANTA HARTSFIELD JACKSON INTERNATIONAL AIRPORT, GA US",2021-04-05,5.59,0.00,63,78,49,,,,,,
USW00013874,"ATLANTA HARTSFIELD JACKSON INTERNATIONAL AIRPORT, GA US",2021-04-06,5.82,0.00,67,80,51,,,,,,
USW00013874,"ATLANTA HARTSFIELD JACKSON INTERNATIONAL AIRPORT, GA US",2021-04-07,5.82,0.00,69,81,57,,,,,,
USW00013874,"ATLANTA HARTSFIELD JACKSON INTERNATIONAL AIRPORT, GA US",2021-04-08,8.72,0.00,69,78,61,,,,,,
USW00013874,"ATLANTA HARTSFIELD JACKSON INTERNATIONAL AIRPORT, GA US",2021-04-09,7.61,0.00,69,76,63,,,,,,
USW00013874,"ATLANTA HARTSFIELD JACKSON INTERNATIONAL AIRPORT, GA US",2021-04-10,9.17,0.45,65,70,61,1,,,,,1
USW00013874,"ATLANTA HARTSFIELD JACKSON INTERNATIONAL AIRPORT, GA US",2021-04-11,7.61,0.00,65,75,57,,,,,,
USW00013874,"ATLANTA HARTSFIELD JACKSON INTERNATIONAL AIRPORT, GA US",2021-04-12,10.51,0.00,67,83,52,,,,,,
USW00013874,"ATLANTA HARTSFIELD JACKSON INTERNATIONAL AIRPORT, GA US",2021-04-13,4.92,0.00,72,86,59,,,,,,
USW00013874,"ATLANTA HARTSFIELD JACKSON INTERNATIONAL AIRPORT, GA US",2021-04-14,6.93,0.02,70,81,58,,,,,,1
USW00013874,"ATLANTA HARTSFIELD JACKSON INTERNATIONAL AIRPORT, GA US",2021-04-15,10.74,0.00,64,71,55,1,,,,,
USW00013874,"ATLANTA HARTSFIELD JACKSON INTERNATIONAL AIRPORT, GA US",2021-04-16,6.49,0.00,58,67,50,,,,,,
USW00013874,"ATLANTA HARTSFIELD JACKSON INTERNATIONAL AIRPORT, GA US",2021-04-17,5.82,0.01,62,72,55,,,,,,
USW00013874,"ATLANTA HARTSFIELD JACKSON INTERNATIONAL AIRPORT, GA US",2021-04-18,7.61,0.00,62,73,52,,,,,,
USW00013874,"ATLANTA HARTSFIELD JACKSON INTERNATIONAL AIRPORT, GA US",2021-04-19,9.84,0.00,61,72,50,,,,,,
USW00013874,"ATLANTA HARTSFIELD JACKSON INTERNATIONAL AIRPORT, GA US",2021-04-20,4.25,0.00,64,75,55,,,,,,
USW00013874,"ATLANTA HARTSFIELD JACKSON INTERNATIONAL AIRPORT, GA US",2021-04-21,15.43,0.00,59,62,43,,,,,,
USW00013874,"ATLANTA HARTSFIELD JACKSON INTERNATIONAL AIRPORT, GA US",2021-04-22,7.16,0.00,50,64,38,,,,,,
USW00013874,"ATLANTA HARTSFIELD JACKSON INTERNATIONAL AIRPORT, GA US",2021-04-23,5.59,0.00,56,70,45,,,,,,1
USW00013874,"ATLANTA HARTSFIELD JACKSON INTERNATIONAL AIRPORT, GA US",2021-04-24,8.72,3.18,63,78,54,1,1,1,,1,1
USW00013874,"ATLANTA HARTSFIELD JACKSON INTERNATIONAL AIRPORT, GA US",2021-04-25,13.42,0.00,62,71,55,1,,,,,
USW00013874,"ATLANTA HARTSFIELD JACKSON INTERNATIONAL AIRPORT, GA US",2021-04-26,7.61,0.00,64,78,52,,,,,,
USW00013874,"ATLANTA HARTSFIELD JACKSON INTERNATIONAL AIRPORT, GA US",2021-04-27,6.04,0.00,70,81,59,,,,,,1
USW00013874,"ATLANTA HARTSFIELD JACKSON INTERNATIONAL AIRPORT, GA US",2021-04-28,6.04,0.00,73,82,65,,,,,,
USW00013874,"ATLANTA HARTSFIELD JACKSON INTERNATIONAL AIRPORT, GA US",2021-04-29,9.40,0.08,72,78,65,1,,,,,
USW00013874,"ATLANTA HARTSFIELD JACKSON INTERNATIONAL AIRPORT, GA US",2021-04-30,11.18,0.00,70,75,60,,,,,,
USW00013874,"ATLANTA HARTSFIELD JACKSON INTERNATIONAL AIRPORT, GA US",2021-05-01,6.93,0.00,67,78,55,,,,,,
USW00013874,"ATLANTA HARTSFIELD JACKSON INTERNATIONAL AIRPORT, GA US",2021-05-02,7.38,0.00,70,81,62,,,,,,
USW00013874,"ATLANTA HARTSFIELD JACKSON INTERNATIONAL AIRPORT, GA US",2021-05-03,8.05,1.91,72,79,68,1,,1,,,
USW00013874,"ATLANTA HARTSFIELD JACKSON INTERNATIONAL AIRPORT, GA US",2021-05-04,8.28,1.89,69,78,64,1,,1,,,
USW00013874,"ATLANTA HARTSFIELD JACKSON INTERNATIONAL AIRPORT, GA US",2021-05-05,11.41,0.00,68,78,60,,,,,,
USW00013874,"ATLANTA HARTSFIELD JACKSON INTERNATIONAL AIRPORT, GA US",2021-05-06,11.41,0.00,63,72,51,,,,,,
USW00013874,"ATLANTA HARTSFIELD JACKSON INTERNATIONAL AIRPORT, GA US",2021-05-07,12.30,0.00,60,69,50,,,,,,
USW00013874,"ATLANTA HARTSFIELD JACKSON INTERNATIONAL AIRPORT, GA US",2021-05-08,6.26,0.00,62,77,51,,,,,,
USW00013874,"ATLANTA HARTSFIELD JACKSON INTERNATIONAL AIRPORT, GA US",2021-05-09,10.07,0.01,69,83,56,,,,,,
USW00013874,"ATLANTA HARTSFIELD JACKSON INTERNATIONAL AIRPORT, GA US",2021-05-10,8.72,0.39,71,77,63,1,,1,,,
USW00013874,"ATLANTA HARTSFIELD JACKSON INTERNATIONAL AIRPORT, GA US",2021-05-11,6.49,0.00,69,78,63,,,,,,
USW00013874,"ATLANTA HARTSFIELD JACKSON INTERNATIONAL AIRPORT, GA US",2021-05-12,10.74,0.61,62,67,49,1,,,,,
USW00013874,"ATLANTA HARTSFIELD JACKSON INTERNATIONAL AIRPORT, GA US",2021-05-13,6.71,0.00,56,70,48,,,,,,
USW00013874,"ATLANTA HARTSFIELD JACKSON INTERNATIONAL AIRPORT, GA US",2021-05-14,3.58,0.00,63,74,52,,,,,,
USW00013874,"ATLANTA HARTSFIELD JACKSON INTERNATIONAL AIRPORT, GA US",2021-05-15,3.58,0.00,65,76,53,,,,,,
USW00013874,"ATLANTA HARTSFIELD JACKSON INTERNATIONAL AIRPORT, GA US",2021-05-16,4.70,0.00,68,79,56,,,,,,
USW00013874,"ATLANTA HARTSFIELD JACKSON INTERNATIONAL AIRPORT, GA US",2021-05-17,7.16,0.00,70,79,59,,,,,,
USW00013874,"ATLANTA HARTSFIELD JACKSON INTERNATIONAL AIRPORT, GA US",2021-05-18,10.29,0.00,71,78,63,,,,,,
USW00013874,"ATLANTA HARTSFIELD JACKSON INTERNATIONAL AIRPORT, GA US",2021-05-19,11.63,0.00,72,81,64,,,,,,
USW00013874,"ATLANTA HARTSFIELD JACKSON INTERNATIONAL AIRPORT, GA US",2021-05-20,10.74,0.00,72,81,62,,,,,,
USW00013874,"ATLANTA HARTSFIELD JACKSON INTERNATIONAL AIRPORT, GA US",2021-05-21,8.50,0.00,73,84,59,,,,,,
USW00013874,"ATLANTA HARTSFIELD JACKSON INTERNATIONAL AIRPORT, GA US",2021-05-22,4.92,0.00,74,84,64,,,,,,
USW00013874,"ATLANTA HARTSFIELD JACKSON INTERNATIONAL AIRPORT, GA US",2021-05-23,6.49,0.00,77,90,65,,,,,,
USW00013874,"ATLANTA HARTSFIELD JACKSON INTERNATIONAL AIRPORT, GA US",2021-05-24,5.82,0.00,79,91,67,,,,,,
USW00013874,"ATLANTA HARTSFIELD JACKSON INTERNATIONAL AIRPORT, GA US",2021-05-25,4.03,0.00,82,91,72,,,,,,
USW00013874,"ATLANTA HARTSFIELD JACKSON INTERNATIONAL AIRPORT, GA US",2021-05-26,7.61,0.00,80,88,69,,,,,,
USW00013874,"ATLANTA HARTSFIELD JACKSON INTERNATIONAL AIRPORT, GA US",2021-05-27,6.71,0.09,77,87,69,,,,,,
USW00013874,"ATLANTA HARTSFIELD JACKSON INTERNATIONAL AIRPORT, GA US",2021-05-28,9.62,0.25,76,84,67,1,,1,,,1
USW00013874,"ATLANTA HARTSFIELD JACKSON INTERNATIONAL AIRPORT, GA US",2021-05-29,12.30,0.00,70,75,59,1,,,,,
USW00013874,"ATLANTA HARTSFIELD JACKSON INTERNATIONAL AIRPORT, GA US",2021-05-30,9.17,0.00,65,77,54,,,,,,
USW00013874,"ATLANTA HARTSFIELD JACKSON INTERNATIONAL AIRPORT, GA US",2021-05-31,7.38,0.00,68,80,59,,,,,,
USW00013874,"ATLANTA HARTSFIELD JACKSON INTERNATIONAL AIRPORT, GA US",2021-06-01,6.93,0.00,71,82,61,,,,,,
USW00013874,"ATLANTA HARTSFIELD JACKSON INTERNATIONAL AIRPORT, GA US",2021-06-02,6.93,0.00,73,81,64,,,,,,
USW00013874,"ATLANTA HARTSFIELD JACKSON INTERNATIONAL AIRPORT, GA US",2021-06-03,7.16,0.00,76,87,69,,,,,,
USW00013874,"ATLANTA HARTSFIELD JACKSON INTERNATIONAL AIRPORT, GA US",2021-06-04,3.80,0.00,76,85,68,,,,,,
USW00013874,"ATLANTA HARTSFIELD JACKSON INTERNATIONAL AIRPORT, GA US",2021-06-05,4.25,0.83,78,87,73,1,,1,,,
USW00013874,"ATLANTA HARTSFIELD JACKSON INTERNATIONAL AIRPORT, GA US",2021-06-06,4.47,0.08,78,87,72,,,1,,,1
USW00013874,"ATLANTA HARTSFIELD JACKSON INTERNATIONAL AIRPORT, GA US",2021-06-07,7.38,0.06,76,86,71,1,,,,,
USW00013874,"ATLANTA HARTSFIELD JACKSON INTERNATIONAL AIRPORT, GA US",2021-06-08,6.71,0.41,77,87,70,1,,1,,,
USW00013874,"ATLANTA HARTSFIELD JACKSON INTERNATIONAL AIRPORT, GA US",2021-06-09,5.59,0.12,75,86,70,1,,1,,,
USW00013874,"ATLANTA HARTSFIELD JACKSON INTERNATIONAL AIRPORT, GA US",2021-06-10,6.93,0.10,75,85,70,1,,,,,
USW00013874,"ATLANTA HARTSFIELD JACKSON INTERNATIONAL AIRPORT, GA US",2021-06-11,7.83,0.48,76,85,72,1,,1,,,1
USW00013874,"ATLANTA HARTSFIELD JACKSON INTERNATIONAL AIRPORT, GA US",2021-06-12,9.84,0.00,78,89,72,,,1,,,
USW00013874,"ATLANTA HARTSFIELD JACKSON INTERNATIONAL AIRPORT, GA US",2021-06-13,5.82,0.00,79,89,71,,,,,,
USW00013874,"ATLANTA HARTSFIELD JACKSON INTERNATIONAL AIRPORT, GA US",2021-06-14,6.04,0.01,81,92,73,,,1,,,
USW00013874,"ATLANTA HARTSFIELD JACKSON INTERNATIONAL AIRPORT, GA US",2021-06-15,10.51,0.00,80,90,71,,,,,,
USW00013874,"ATLANTA HARTSFIELD JACKSON INTERNATIONAL AIRPORT, GA US",2021-06-16,7.61,0.00,76,87,64,,,,,,
USW00013874,"ATLANTA HARTSFIELD JACKSON INTERNATIONAL AIRPORT, GA US",2021-06-17,5.37,0.00,77,89,65,,,,,,
USW00013874,"ATLANTA HARTSFIELD JACKSON INTERNATIONAL AIRPORT, GA US",2021-06-18,5.82,0.00,80,90,69,,,,,,
USW00013874,"ATLANTA HARTSFIELD JACKSON INTERNATIONAL AIRPORT, GA US",2021-06-19,8.95,2.33,75,78,70,1,,1,,,
USW00013874,"ATLANTA HARTSFIELD JACKSON INTERNATIONAL AIRPORT, GA US",2021-06-20,8.95,0.39,74,84,70,1,,,,,
USW00013874,"ATLANTA HARTSFIELD JACKSON INTERNATIONAL AIRPORT, GA US",2021-06-21,9.62,0.72,78,86,72,1,,1,,,1
USW00013874,"ATLANTA HARTSFIELD JACKSON INTERNATIONAL AIRPORT, GA US",2021-06-22,8.95,0.36,74,81,67,1,,,,,
USW00013874,"ATLANTA HARTSFIELD JACKSON INTERNATIONAL AIRPORT, GA US",2021-06-23,5.59,0.00,73,84,62,,,,,,
USW00013874,"ATLANTA HARTSFIELD JACKSON INTERNATIONAL AIRPORT, GA US",2021-06-24,9.84,0.00,76,83,69,,,,,,
USW00013874,"ATLANTA HARTSFIELD JACKSON INTERNATIONAL AIRPORT, GA US",2021-06-25,6.49,0.00,75,83,66,,,,,,
USW00013874,"ATLANTA HARTSFIELD JACKSON INTERNATIONAL AIRPORT, GA US",2021-06-26,6.93,0.17,76,86,67,1,,,,,
USW00013874,"ATLANTA HARTSFIELD JACKSON INTERNATIONAL AIRPORT, GA US",2021-06-27,6.93,0.00,78,87,72,1,,,,,
USW00013874,"ATLANTA HARTSFIELD JACKSON INTERNATIONAL AIRPORT, GA US",2021-06-28,5.82,0.00,80,89,73,,,,,,
USW00013874,"ATLANTA HARTSFIELD JACKSON INTERNATIONAL AIRPORT, GA US",2021-06-29,8.50,0.25,79,86,73,1,,,,,1
USW00013874,"ATLANTA HARTSFIELD JACKSON INTERNATIONAL AIRPORT, GA US",2021-06-30,5.82,0.05,80,89,71,,,,,,
USW00013874,"ATLANTA HARTSFIELD JACKSON INTERNATIONAL AIRPORT, GA US",2021-07-01,6.26,0.00,78,87,70,,,,,,
USW00013874,"ATLANTA HARTSFIELD JACKSON INTERNATIONAL AIRPORT, GA US",2021-07-02,6.93,0.77,76,81,73,1,,,,,1
USW00013874,"ATLANTA HARTSFIELD JACKSON INTERNATIONAL AIRPORT, GA US",2021-07-03,6.93,0.00,76,84,67,,,,,,
USW00013874,"ATLANTA HARTSFIELD JACKSON INTERNATIONAL AIRPORT, GA US",2021-07-04,3.58,0.00,76,87,65,,,,,,1
USW00013874,"ATLANTA HARTSFIELD JACKSON INTERNATIONAL AIRPORT, GA US",2021-07-05,5.59,0.00,79,88,69,,,,,,1
USW00013874,"ATLANTA HARTSFIELD JACKSON INTERNATIONAL AIRPORT, GA US",2021-07-06,7.83,0.11,79,86,71,1,,,,,
USW00013874,"ATLANTA HARTSFIELD JACKSON INTERNATIONAL AIRPORT, GA US",2021-07-07,6.26,0.17,76,86,71,1,,,,,
USW00013874,"ATLANTA HARTSFIELD JACKSON INTERNATIONAL AIRPORT, GA US",2021-07-08,6.71,0.03,77,85,71,1,,1,,,
USW00013874,"ATLANTA HARTSFIELD JACKSON INTERNATIONAL AIRPORT, GA US",2021-07-09,9.17,0.22,78,89,72,1,,1,,,1
USW00013874,"ATLANTA HARTSFIELD JACKSON INTERNATIONAL AIRPORT, GA US",2021-07-10,6.93,0.90,78,88,71,,,1,,,1
USW00013874,"ATLANTA HARTSFIELD JACKSON INTERNATIONAL AIRPORT, GA US",2021-07-11,8.05,0.00,76,86,71,1,,,,,1
USW00013874,"ATLANTA HARTSFIELD JACKSON INTERNATIONAL AIRPORT, GA US",2021-07-12,6.26,0.39,75,83,69,1,,1,,,
USW00013874,"ATLANTA HARTSFIELD JACKSON INTERNATIONAL AIRPORT, GA US",2021-07-13,4.92,0.01,74,84,69,1,,,,,
USW00013874,"ATLANTA HARTSFIELD JACKSON INTERNATIONAL AIRPORT, GA US",2021-07-14,4.25,0.07,79,88,71,1,,,,,
USW00013874,"ATLANTA HARTSFIELD JACKSON INTERNATIONAL AIRPORT, GA US",2021-07-15,5.37,0.00,81,90,72,,,,,,
USW00013874,"ATLANTA HARTSFIELD JACKSON INTERNATIONAL AIRPORT, GA US",2021-07-16,5.37,0.20,80,89,73,,,1,,,
USW00013874,"ATLANTA HARTSFIELD JACKSON INTERNATIONAL AIRPORT, GA US",2021-07-17,6.26,0.00,78,88,71,,,1,,,
USW00013874,"ATLANTA HARTSFIELD JACKSON INTERNATIONAL AIRPORT, GA US",2021-07-18,4.03,0.57,77,85,73,1,,,,,
USW00013874,"ATLANTA HARTSFIELD JACKSON INTERNATIONAL AIRPORT, GA US",2021-07-19,5.37,1.39,75,83,72,1,,1,,,
USW00013874,"ATLANTA HARTSFIELD JACKSON INTERNATIONAL AIRPORT, GA US",2021-07-20,4.70,0.31,75,83,71,1,,1,,,
USW00013874,"ATLANTA HARTSFIELD JACKSON INTERNATIONAL AIRPORT, GA US",2021-07-21,4.47,0.00,77,88,72,,,,,,
USW00013874,"ATLANTA HARTSFIELD JACKSON INTERNATIONAL AIRPORT, GA US",2021-07-22,6.49,0.00,80,90,72,,,,,,1
USW00013874,"ATLANTA HARTSFIELD JACKSON INTERNATIONAL AIRPORT, GA US",2021-07-23,3.80,0.32,81,91,74,1,,1,,,1
USW00013874,"ATLANTA HARTSFIELD JACKSON INTERNATIONAL AIRPORT, GA US",2021-07-24,4.03,0.00,81,90,73,1,,,,,1
USW00013874,"ATLANTA HARTSFIELD JACKSON INTERNATIONAL AIRPORT, GA US",2021-07-25,4.47,0.00,82,90,75,1,,1,,,1
USW00013874,"ATLANTA HARTSFIELD JACKSON INTERNATIONAL AIRPORT, GA US",2021-07-26,5.37,0.49,83,93,75,1,,1,,,
USW00013874,"ATLANTA HARTSFIELD JACKSON INTERNATIONAL AIRPORT, GA US",2021-07-27,5.14,0.00,81,91,74,,,1,,,
USW00013874,"ATLANTA HARTSFIELD JACKSON INTERNATIONAL AIRPORT, GA US",2021-07-28,5.82,0.03,81,95,73,1,,1,,,
USW00013874,"ATLANTA HARTSFIELD JACKSON INTERNATIONAL AIRPORT, GA US",2021-07-29,5.59,0.00,85,94,77,,,,,,1
USW00013874,"ATLANTA HARTSFIELD JACKSON INTERNATIONAL AIRPORT, GA US",2021-07-30,8.50,0.00,84,92,75,,,1,,,1
USW00013874,"ATLANTA HARTSFIELD JACKSON INTERNATIONAL AIRPORT, GA US",2021-07-31,8.05,0.00,84,93,75,,,,,,
USW00013874,"ATLANTA HARTSFIELD JACKSON INTERNATIONAL AIRPORT, GA US",2021-08-01,10.07,0.01,81,90,74,,,1,,,1
USW00013874,"ATLANTA HARTSFIELD JACKSON INTERNATIONAL AIRPORT, GA US",2021-08-02,6.71,0.01,80,89,72,,,,,,1
USW00013874,"ATLANTA HARTSFIELD JACKSON INTERNATIONAL AIRPORT, GA US",2021-08-03,8.50,1.43,76,84,70,1,,1,,,
USW00013874,"ATLANTA HARTSFIELD JACKSON INTERNATIONAL AIRPORT, GA US",2021-08-04,6.93,0.00,75,85,70,,,,,,
USW00013874,"ATLANTA HARTSFIELD JACKSON INTERNATIONAL AIRPORT, GA US",2021-08-05,7.61,0.00,76,86,69,,,,,,
USW00013874,"ATLANTA HARTSFIELD JACKSON INTERNATIONAL AIRPORT, GA US",2021-08-06,6.26,0.00,78,86,71,,,,,,
USW00013874,"ATLANTA HARTSFIELD JACKSON INTERNATIONAL AIRPORT, GA US",2021-08-07,4.25,0.00,79,88,72,,,1,,,
USW00013874,"ATLANTA HARTSFIELD JACKSON INTERNATIONAL AIRPORT, GA US",2021-08-08,2.91,0.00,78,89,69,,,,,,
USW00013874,"ATLANTA HARTSFIELD JACKSON INTERNATIONAL AIRPORT, GA US",2021-08-09,3.58,0.05,80,88,73,,,,,,
USW00013874,"ATLANTA HARTSFIELD JACKSON INTERNATIONAL AIRPORT, GA US",2021-08-10,4.25,0.00,81,91,74,,,1,,,
USW00013874,"ATLANTA HARTSFIELD JACKSON INTERNATIONAL AIRPORT, GA US",2021-08-11,5.82,0.00,78,88,73,,,1,,,
USW00013874,"ATLANTA HARTSFIELD JACKSON INTERNATIONAL AIRPORT, GA US",2021-08-12,5.37,0.44,80,91,72,,,1,,,
USW00013874,"ATLANTA HARTSFIELD JACKSON INTERNATIONAL AIRPORT, GA US",2021-08-13,3.80,0.00,81,92,72,,,,,,
USW00013874,"ATLANTA HARTSFIELD JACKSON INTERNATIONAL AIRPORT, GA US",2021-08-14,4.25,0.04,83,94,73,,,1,,,
USW00013874,"ATLANTA HARTSFIELD JACKSON INTERNATIONAL AIRPORT, GA US",2021-08-15,6.71,0.00,78,87,72,1,,,,,1
USW00013874,"ATLANTA HARTSFIELD JACKSON INTERNATIONAL AIRPORT, GA US",2021-08-16,8.50,0.75,77,84,72,1,,,,,
USW00013874,"ATLANTA HARTSFIELD JACKSON INTERNATIONAL AIRPORT, GA US",2021-08-17,12.08,2.86,74,79,72,1,,,,,1
USW00013874,"ATLANTA HARTSFIELD JACKSON INTERNATIONAL AIRPORT, GA US",2021-08-18,2.01,0.00,79,92,70,,,,,,
USW00013874,"ATLANTA HARTSFIELD JACKSON INTERNATIONAL AIRPORT, GA US",2021-08-19,5.82,0.00,81,91,74,,,1,,,
USW00013874,"ATLANTA HARTSFIELD JACKSON INTERNATIONAL AIRPORT, GA US",2021-08-20,8.05,0.00,78,89,72,,,1,,,
USW00013874,"ATLANTA HARTSFIELD JACKSON INTERNATIONAL AIRPORT, GA US",2021-08-21,7.61,0.00,79,85,74,1,,,,,
USW00013874,"ATLANTA HARTSFIELD JACKSON INTERNATIONAL AIRPORT, GA US",2021-08-22,8.95,0.62,79,87,74,1,,,,,
USW00013874,"ATLANTA HARTSFIELD JACKSON INTERNATIONAL AIRPORT, GA US",2021-08-23,5.82,0.00,81,92,74,1,1,,,,
USW00013874,"ATLANTA HARTSFIELD JACKSON INTERNATIONAL AIRPORT, GA US",2021-08-24,3.13,0.00,85,93,77,,,,,,
USW00013874,"ATLANTA HARTSFIELD JACKSON INTERNATIONAL AIRPORT, GA US",2021-08-25,4.92,0.26,85,92,73,1,,1,,,1
USW00013874,"ATLANTA HARTSFIELD JACKSON INTERNATIONAL AIRPORT, GA US",2021-08-26,4.70,0.00,78,89,72,1,1,,,,
USW00013874,"ATLANTA HARTSFIELD JACKSON INTERNATIONAL AIRPORT, GA US",2021-08-27,7.61,0.00,82,90,74,,,1,,,
USW00013874,"ATLANTA HARTSFIELD JACKSON INTERNATIONAL AIRPORT, GA US",2021-08-28,8.05,0.00,79,87,75,1,,,,,1
USW00013874,"ATLANTA HARTSFIELD JACKSON INTERNATIONAL AIRPORT, GA US",2021-08-29,7.38,0.00,81,89,76,,,,,,
USW00013874,"ATLANTA HARTSFIELD JACKSON INTERNATIONAL AIRPORT, GA US",2021-08-30,6.04,0.15,80,86,73,1,,1,,,1
USW00013874,"ATLANTA HARTSFIELD JACKSON INTERNATIONAL AIRPORT, GA US",2021-08-31,12.97,0.34,75,79,72,1,,,,,
USW00013874,"ATLANTA HARTSFIELD JACKSON INTERNATIONAL AIRPORT, GA US",2021-09-01,11.41,0.00,76,86,71,1,,,,,
USW00013874,"ATLANTA HARTSFIELD JACKSON INTERNATIONAL AIRPORT, GA US",2021-09-02,6.49,0.00,77,86,70,,,,,,
USW00013874,"ATLANTA HARTSFIELD JACKSON INTERNATIONAL AIRPORT, GA US",2021-09-03,6.71,0.00,75,82,66,,,,,,
USW00013874,"ATLANTA HARTSFIELD JACKSON INTERNATIONAL AIRPORT, GA US",2021-09-04,2.91,0.00,73,84,64,,,,,,
USW00013874,"ATLANTA HARTSFIELD JACKSON INTERNATIONAL AIRPORT, GA US",2021-09-05,4.47,0.00,74,86,61,,,,,,
USW00013874,"ATLANTA HARTSFIELD JACKSON INTERNATIONAL AIRPORT, GA US",2021-09-06,5.82,0.00,77,85,72,,,1,,,
USW00013874,"ATLANTA HARTSFIELD JACKSON INTERNATIONAL AIRPORT, GA US",2021-09-07,4.70,0.17,76,85,71,1,,1,,,1
USW00013874,"ATLANTA HARTSFIELD JACKSON INTERNATIONAL AIRPORT, GA US",2021-09-08,6.04,0.00,76,84,71,1,,1,,,
USW00013874,"ATLANTA HARTSFIELD JACKSON INTERNATIONAL AIRPORT, GA US",2021-09-09,10.29,0.00,76,84,66,,,,,,
USW00013874,"ATLANTA HARTSFIELD JACKSON INTERNATIONAL AIRPORT, GA US",2021-09-10,5.82,0.00,72,83,61,,,,,,
USW00013874,"ATLANTA HARTSFIELD JACKSON INTERNATIONAL AIRPORT, GA US",2021-09-11,4.47,0.00,74,84,65,,,,,,
USW00013874,"ATLANTA HARTSFIELD JACKSON INTERNATIONAL AIRPORT, GA US",2021-09-12,2.46,0.00,74,85,65,,,,,,1
USW00013874,"ATLANTA HARTSFIELD JACKSON INTERNATIONAL AIRPORT, GA US",2021-09-13,4.70,0.00,78,88,68,,,,,,
USW00013874,"ATLANTA HARTSFIELD JACKSON INTERNATIONAL AIRPORT, GA US",2021-09-14,3.13,0.00,79,87,71,,,,,,
USW00013874,"ATLANTA HARTSFIELD JACKSON INTERNATIONAL AIRPORT, GA US",2021-09-15,5.82,0.44,75,79,69,1,,,,,
USW00013874,"ATLANTA HARTSFIELD JACKSON INTERNATIONAL AIRPORT, GA US",2021-09-16,8.95,0.46,71,77,69,1,,,,,
USW00013874,"ATLANTA HARTSFIELD JACKSON INTERNATIONAL AIRPORT, GA US",2021-09-17,6.04,0.00,73,77,71,1,,,,,
USW00013874,"ATLANTA HARTSFIELD JACKSON INTERNATIONAL AIRPORT, GA US",2021-09-18,6.04,0.07,77,84,73,,,,,,
USW00013874,"ATLANTA HARTSFIELD JACKSON INTERNATIONAL AIRPORT, GA US",2021-09-19,6.93,0.96,76,81,72,1,,,,,
USW00013874,"ATLANTA HARTSFIELD JACKSON INTERNATIONAL AIRPORT, GA US",2021-09-20,10.07,0.94,73,74,71,1,,,,,
USW00013874,"ATLANTA HARTSFIELD JACKSON INTERNATIONAL AIRPORT, GA US",2021-09-21,5.82,0.45,75,85,71,1,,,,,
USW00013874,"ATLANTA HARTSFIELD JACKSON INTERNATIONAL AIRPORT, GA US",2021-09-22,8.50,0.11,72,77,59,1,,,,,
USW00013874,"ATLANTA HARTSFIELD JACKSON INTERNATIONAL AIRPORT, GA US",2021-09-23,11.63,0.00,63,73,53,,,,,,
USW00013874,"ATLANTA HARTSFIELD JACKSON INTERNATIONAL AIRPORT, GA US",2021-09-24,5.82,0.00,64,76,53,,,,,,
USW00013874,"ATLANTA HARTSFIELD JACKSON INTERNATIONAL AIRPORT, GA US",2021-09-25,4.92,0.00,67,78,57,,,,,,
USW00013874,"ATLANTA HARTSFIELD JACKSON INTERNATIONAL AIRPORT, GA US",2021-09-26,4.92,0.00,69,81,57,,,,,,
USW00013874,"ATLANTA HARTSFIELD JACKSON INTERNATIONAL AIRPORT, GA US",2021-09-27,2.46,0.00,71,83,60,,,,,,
USW00013874,"ATLANTA HARTSFIELD JACKSON INTERNATIONAL AIRPORT, GA US",2021-09-28,4.03,0.00,73,84,63,,,,,,
USW00013874,"ATLANTA HARTSFIELD JACKSON INTERNATIONAL AIRPORT, GA US",2021-09-29,6.93,0.00,74,85,65,,,,,,
USW00013874,"ATLANTA HARTSFIELD JACKSON INTERNATIONAL AIRPORT, GA US",2021-09-30,2.91,0.00,74,83,65,1,,,,,1
USW00013874,"ATLANTA HARTSFIELD JACKSON INTERNATIONAL AIRPORT, GA US",2021-10-01,4.70,0.00,75,85,66,,,,,,1
USW00013874,"ATLANTA HARTSFIELD JACKSON INTERNATIONAL AIRPORT, GA US",2021-10-02,5.37,0.00,74,81,69,1,,,,,1
USW00013874,"ATLANTA HARTSFIELD JACKSON INTERNATIONAL AIRPORT, GA US",2021-10-03,5.37,0.51,72,78,68,1,,1,,,
USW00013874,"ATLANTA HARTSFIELD JACKSON INTERNATIONAL AIRPORT, GA US",2021-10-04,4.92,0.30,70,78,68,1,,,,,
USW00013874,"ATLANTA HARTSFIELD JACKSON INTERNATIONAL AIRPORT, GA US",2021-10-05,7.83,1.66,68,71,66,1,,1,,,
USW00013874,"ATLANTA HARTSFIELD JACKSON INTERNATIONAL AIRPORT, GA US",2021-10-06,9.17,0.19,71,76,69,1,,,,,
USW00013874,"ATLANTA HARTSFIELD JACKSON INTERNATIONAL AIRPORT, GA US",2021-10-07,5.14,0.33,72,78,70,1,,,,,
USW00013874,"ATLANTA HARTSFIELD JACKSON INTERNATIONAL AIRPORT, GA US",2021-10-08,6.93,0.00,74,83,69,,,,,,
USW00013874,"ATLANTA HARTSFIELD JACKSON INTERNATIONAL AIRPORT, GA US",2021-10-09,6.26,0.00,73,83,66,,,,,,
USW00013874,"ATLANTA HARTSFIELD JACKSON INTERNATIONAL AIRPORT, GA US",2021-10-10,5.59,0.00,72,82,63,,,,,,
USW00013874,"ATLANTA HARTSFIELD JACKSON INTERNATIONAL AIRPORT, GA US",2021-10-11,6.71,0.00,71,79,64,,,,,,
USW00013874,"ATLANTA HARTSFIELD JACKSON INTERNATIONAL AIRPORT, GA US",2021-10-12,4.47,0.00,70,79,65,1,,,,,
USW00013874,"ATLANTA HARTSFIELD JACKSON INTERNATIONAL AIRPORT, GA US",2021-10-13,2.01,0.00,72,83,63,1,,,,,
USW00013874,"ATLANTA HARTSFIELD JACKSON INTERNATIONAL AIRPORT, GA US",2021-10-14,2.46,0.00,73,83,65,,,,,,
USW00013874,"ATLANTA HARTSFIELD JACKSON INTERNATIONAL AIRPORT, GA US",2021-10-15,4.92,0.00,73,85,64,1,,,,,
USW00013874,"ATLANTA HARTSFIELD JACKSON INTERNATIONAL AIRPORT, GA US",2021-10-16,12.97,0.00,69,71,53,,,,,,
USW00013874,"ATLANTA HARTSFIELD JACKSON INTERNATIONAL AIRPORT, GA US",2021-10-17,9.84,0.00,57,68,47,,,,,,
USW00013874,"ATLANTA HARTSFIELD JACKSON INTERNATIONAL AIRPORT, GA US",2021-10-18,4.70,0.00,59,73,49,,,,,,
USW00013874,"ATLANTA HARTSFIELD JACKSON INTERNATIONAL AIRPORT, GA US",2021-10-19,3.13,0.00,61,76,50,,,,,,
USW00013874,"ATLANTA HARTSFIELD JACKSON INTERNATIONAL AIRPORT, GA US",2021-10-20,2.68,0.00,64,77,53,,,,,,
USW00013874,"ATLANTA HARTSFIELD JACKSON INTERNATIONAL AIRPORT, GA US",2021-10-21,5.82,0.02,67,77,59,,,1,,,
USW00013874,"ATLANTA HARTSFIELD JACKSON INTERNATIONAL AIRPORT, GA US",2021-10-22,8.72,0.18,67,75,57,1,,1,,,
USW00013874,"ATLANTA HARTSFIELD JACKSON INTERNATIONAL AIRPORT, GA US",2021-10-23,5.82,0.00,61,75,50,,,,,,
USW00013874,"ATLANTA HARTSFIELD JACKSON INTERNATIONAL AIRPORT, GA US",2021-10-24,4.70,0.00,63,78,52,,,,,,
USW00013874,"ATLANTA HARTSFIELD JACKSON INTERNATIONAL AIRPORT, GA US",2021-10-25,7.61,0.00,68,80,59,,,,,,
USW00013874,"ATLANTA HARTSFIELD JACKSON INTERNATIONAL AIRPORT, GA US",2021-10-26,14.76,0.00,61,67,51,,,,,,
USW00013874,"ATLANTA HARTSFIELD JACKSON INTERNATIONAL AIRPORT, GA US",2021-10-27,5.82,0.00,57,73,46,,,,,,1
USW00013874,"ATLANTA HARTSFIELD JACKSON INTERNATIONAL AIRPORT, GA US",2021-10-28,9.62,0.24,58,61,55,1,1,,,,
USW00013874,"ATLANTA HARTSFIELD JACKSON INTERNATIONAL AIRPORT, GA US",2021-10-29,8.28,0.05,55,58,51,1,,,,,
USW00013874,"ATLANTA HARTSFIELD JACKSON INTERNATIONAL AIRPORT, GA US",2021-10-30,9.84,0.04,53,58,52,1,,,,,
USW00013874,"ATLANTA HARTSFIELD JACKSON INTERNATIONAL AIRPORT, GA US",2021-10-31,11.18,0.00,56,63,51,,,,,,
USW00013874,"ATLANTA HARTSFIELD JACKSON INTERNATIONAL AIRPORT, GA US",2021-11-01,5.59,0.00,57,71,46,,,,,,
USW00013874,"ATLANTA HARTSFIELD JACKSON INTERNATIONAL AIRPORT, GA US",2021-11-02,8.05,0.00,58,70,48,,,,,,
USW00013874,"ATLANTA HARTSFIELD JACKSON INTERNATIONAL AIRPORT, GA US",2021-11-03,9.84,0.00,52,60,43,,,,,,
USW00013874,"ATLANTA HARTSFIELD JACKSON INTERNATIONAL AIRPORT, GA US",2021-11-04,10.51,0.09,49,50,46,1,,,,,
USW00013874,"ATLANTA HARTSFIELD JACKSON INTERNATIONAL AIRPORT, GA US",2021-11-05,11.18,0.00,47,55,43,,,,,,
USW00013874,"ATLANTA HARTSFIELD JACKSON INTERNATIONAL AIRPORT, GA US",2021-11-06,10.96,0.00,50,59,44,,,,,,
USW00013874,"ATLANTA HARTSFIELD JACKSON INTERNATIONAL AIRPORT, GA US",2021-11-07,7.38,0.00,51,67,39,,,,,,
USW00013874,"ATLANTA HARTSFIELD JACKSON INTERNATIONAL AIRPORT, GA US",2021-11-08,4.70,0.00,57,74,42,,,,,,
USW00013874,"ATLANTA HARTSFIELD JACKSON INTERNATIONAL AIRPORT, GA US",2021-11-09,2.24,0.00,60,78,45,,,,,,
USW00013874,"ATLANTA HARTSFIELD JACKSON INTERNATIONAL AIRPORT, GA US",2021-11-10,3.80,0.00,62,76,50,,,,,,
USW00013874,"ATLANTA HARTSFIELD JACKSON INTERNATIONAL AIRPORT, GA US",2021-11-11,8.05,0.70,62,74,54,1,,,,,
USW00013874,"ATLANTA HARTSFIELD JACKSON INTERNATIONAL AIRPORT, GA US",2021-11-12,6.04,0.00,59,68,48,,,,,,
USW00013874,"ATLANTA HARTSFIELD JACKSON INTERNATIONAL AIRPORT, GA US",2021-11-13,9.84,0.00,51,56,38,,,,,,
USW00013874,"ATLANTA HARTSFIELD JACKSON INTERNATIONAL AIRPORT, GA US",2021-11-14,8.95,0.00,45,60,35,,,,,,
USW00013874,"ATLANTA HARTSFIELD JACKSON INTERNATIONAL AIRPORT, GA US",2021-11-15,7.61,0.00,51,62,41,,,,,,
USW00013874,"ATLANTA HARTSFIELD JACKSON INTERNATIONAL AIRPORT, GA US",2021-11-16,5.37,0.00,56,73,45,,,,,,
USW00013874,"ATLANTA HARTSFIELD JACKSON INTERNATIONAL AIRPORT, GA US",2021-11-17,3.58,0.00,60,74,48,,,,,,
USW00013874,"ATLANTA HARTSFIELD JACKSON INTERNATIONAL AIRPORT, GA US",2021-11-18,8.05,0.00,62,75,46,,,,,,
USW00013874,"ATLANTA HARTSFIELD JACKSON INTERNATIONAL AIRPORT, GA US",2021-11-19,9.62,0.00,50,63,37,,,,,,
USW00013874,"ATLANTA HARTSFIELD JACKSON INTERNATIONAL AIRPORT, GA US",2021-11-20,11.86,0.00,48,58,37,,,,,,
USW00013874,"ATLANTA HARTSFIELD JACKSON INTERNATIONAL AIRPORT, GA US",2021-11-21,6.49,0.00,52,65,44,,,,,,
USW00013874,"ATLANTA HARTSFIELD JACKSON INTERNATIONAL AIRPORT, GA US",2021-11-22,12.75,0.36,57,61,40,1,,,,,
USW00013874,"ATLANTA HARTSFIELD JACKSON INTERNATIONAL AIRPORT, GA US",2021-11-23,8.50,0.00,43,54,32,,,,,,
USW00013874,"ATLANTA HARTSFIELD JACKSON INTERNATIONAL AIRPORT, GA US",2021-11-24,4.47,0.00,44,59,33,,,,,,
USW00013874,"ATLANTA HARTSFIELD JACKSON INTERNATIONAL AIRPORT, GA US",2021-11-25,5.82,0.16,49,67,36,1,,,,,
USW00013874,"ATLANTA HARTSFIELD JACKSON INTERNATIONAL AIRPORT, GA US",2021-11-26,14.32,0.01,51,56,38,1,,,,,
USW00013874,"ATLANTA HARTSFIELD JACKSON INTERNATIONAL AIRPORT, GA US",2021-11-27,7.38,0.00,45,63,35,,,,,,
USW00013874,"ATLANTA HARTSFIELD JACKSON INTERNATIONAL AIRPORT, GA US",2021-11-28,8.05,0.00,49,57,41,,,,,,
USW00013874,"ATLANTA HARTSFIELD JACKSON INTERNATIONAL AIRPORT, GA US",2021-11-29,11.63,0.00,46,55,37,,,,,,
USW00013874,"ATLANTA HARTSFIELD JACKSON INTERNATIONAL AIRPORT, GA US",2021-11-30,5.59,0.00,48,66,35,,,,,,
USW00013874,"ATLANTA HARTSFIELD JACKSON INTERNATIONAL AIRPORT, GA US",2021-12-01,5.82,0.00,55,69,45,,,,,,
USW00013874,"ATLANTA HARTSFIELD JACKSON INTERNATIONAL AIRPORT, GA US",2021-12-02,8.28,0.00,59,74,49,,,,,,
USW00013874,"ATLANTA HARTSFIELD JACKSON INTERNATIONAL AIRPORT, GA US",2021-12-03,5.82,0.00,61,77,50,,,,,,
USW00013874,"ATLANTA HARTSFIELD JACKSON INTERNATIONAL AIRPORT, GA US",2021-12-04,3.80,0.00,60,70,52,,,,,,
USW00013874,"ATLANTA HARTSFIELD JACKSON INTERNATIONAL AIRPORT, GA US",2021-12-05,3.58,0.00,59,65,54,1,,,,,1
USW00013874,"ATLANTA HARTSFIELD JACKSON INTERNATIONAL AIRPORT, GA US",2021-12-06,7.83,0.37,59,64,45,1,1,1,,,
USW00013874,"ATLANTA HARTSFIELD JACKSON INTERNATIONAL AIRPORT, GA US",2021-12-07,7.16,0.00,46,52,36,,,,,,
USW00013874,"ATLANTA HARTSFIELD JACKSON INTERNATIONAL AIRPORT, GA US",2021-12-08,6.93,0.65,48,54,42,1,,1,,,
USW00013874,"ATLANTA HARTSFIELD JACKSON INTERNATIONAL AIRPORT, GA US",2021-12-09,7.61,0.01,46,55,39,1,,,,,
USW00013874,"ATLANTA HARTSFIELD JACKSON INTERNATIONAL AIRPORT, GA US",2021-12-10,6.71,0.43,50,57,47,1,1,,,,
USW00013874,"ATLANTA HARTSFIELD JACKSON INTERNATIONAL AIRPORT, GA US",2021-12-11,10.29,0.46,62,75,49,1,1,1,,,
USW00013874,"ATLANTA HARTSFIELD JACKSON INTERNATIONAL AIRPORT, GA US",2021-12-12,7.61,0.00,49,58,36,,,,,,
USW00013874,"ATLANTA HARTSFIELD JACKSON INTERNATIONAL AIRPORT, GA US",2021-12-13,2.91,0.00,48,62,38,,,,,,
USW00013874,"ATLANTA HARTSFIELD JACKSON INTERNATIONAL AIRPORT, GA US",2021-12-14,3.13,0.00,50,69,37,,,,,,
USW00013874,"ATLANTA HARTSFIELD JACKSON INTERNATIONAL AIRPORT, GA US",2021-12-15,8.05,0.00,51,60,41,,,,,,
USW00013874,"ATLANTA HARTSFIELD JACKSON INTERNATIONAL AIRPORT, GA US",2021-12-16,5.14,0.00,56,67,51,1,,,,,
USW00013874,"ATLANTA HARTSFIELD JACKSON INTERNATIONAL AIRPORT, GA US",2021-12-17,3.58,0.00,60,67,56,1,1,,,,
USW00013874,"ATLANTA HARTSFIELD JACKSON INTERNATIONAL AIRPORT, GA US",2021-12-18,5.59,0.80,64,68,62,1,1,1,,,
USW00013874,"ATLANTA HARTSFIELD JACKSON INTERNATIONAL AIRPORT, GA US",2021-12-19,11.86,0.05,57,63,40,1,1,,,,
USW00013874,"ATLANTA HARTSFIELD JACKSON INTERNATIONAL AIRPORT, GA US",2021-12-20,11.18,0.00,42,46,40,,,,,,
USW00013874,"ATLANTA HARTSFIELD JACKSON INTERNATIONAL AIRPORT, GA US",2021-12-21,8.95,0.17,41,43,40,1,,,,,
USW00013874,"ATLANTA HARTSFIELD JACKSON INTERNATIONAL AIRPORT, GA US",2021-12-22,12.97,0.00,45,55,39,,,,,,
USW00013874,"ATLANTA HARTSFIELD JACKSON INTERNATIONAL AIRPORT, GA US",2021-12-23,5.37,0.00,45,61,34,,,,,,
USW00013874,"ATLANTA HARTSFIELD JACKSON INTERNATIONAL AIRPORT, GA US",2021-12-24,6.04,0.00,50,66,37,,,,,,
USW00013874,"ATLANTA HARTSFIELD JACKSON INTERNATIONAL AIRPORT, GA US",2021-12-25,10.96,0.00,60,69,53,,,,,,
USW00013874,"ATLANTA HARTSFIELD JACKSON INTERNATIONAL AIRPORT, GA US",2021-12-26,5.37,0.00,66,75,58,,,,,,
USW00013874,"ATLANTA HARTSFIELD JACKSON INTERNATIONAL AIRPORT, GA US",2021-12-27,6.93,0.00,64,70,59,1,1,,,,
USW00013874,"ATLANTA HARTSFIELD JACKSON INTERNATIONAL AIRPORT, GA US",2021-12-28,8.05,0.00,67,75,62,,,,,,
USW00013874,"ATLANTA HARTSFIELD JACKSON INTERNATIONAL AIRPORT, GA US",2021-12-29,9.17,0.28,68,74,65,1,,,,,
USW00013874,"ATLANTA HARTSFIELD JACKSON INTERNATIONAL AIRPORT, GA US",2021-12-30,5.82,2.85,66,70,61,1,,1,,,
USW00013874,"ATLANTA HARTSFIELD JACKSON INTERNATIONAL AIRPORT, GA US",2021-12-31,3.80,0.01,63,71,57,1,1,,,,